<?xml version="1.0" encoding="UTF-8"?>
<config xmlns:xsi="http://www.w3.org/2001/XMLSchema-instance"
        xsi:noNamespaceSchemaLocation="../../../../../lib/internal/Magento/Framework/Acl/etc/acl.xsd">
    <acl>
        <resources>
            <resource id="Magento_Backend::admin">
                <resource id="Training_FooterLinks::training" title="Training" sortOrder="20">
                    <resource id="Training_SliderWidget::sliderwidget" title="Slider Manager" sortOrder="20">
                        <resource id="Training_SliderWidget::sliderwidget_slider" title="Manage Links" sortOrder="1"/>
                        <resource id="Training_SliderWidget::sliderwidget_config" title="Configurations" sortOrder="2"/>
                    </resource>
                </resource>

                <resource id="Magento_Backend::stores">
                    <resource id="Magento_Backend::stores_settings">
                        <resource id="Magento_Config::config">
                            <resource id="Training_SliderWidget::config_sliderwidget"
                                      title="[Training] Slider Widget Section" />
                        </resource>
                    </resource>
                </resource>
            </resource>
        </resources>
    </acl>
</config>