<?xml version="1.0"?>

<config xmlns:xsi="http://www.w3.org/2001/XMLSchema-instance"
        xsi:noNamespaceSchemaLocation="../../../../../lib/internal/Magento/Framework/Acl/etc/acl.xsd">
    <acl>
        <resources>
            <resource id="Magento_Backend::admin">
                <resource id="Training_FooterLinks::training" title="Training" sortOrder="20">
                    <resource id="Training_FooterLinks::footerlinks" title="Footer Links Manager" sortOrder="10">
                        <resource id="Training_FooterLinks::footerlinks_linkgroup" title="Manage Footer Link Group" sortOrder="1"/>
                        <resource id="Training_FooterLinks::footerlinks_link" title="Manage Footer Link" sortOrder="1"/>
                        <resource id="Training_FooterLinks::footerlinks_config" title="Configurations" sortOrder="2"/>
                    </resource>
                </resource>
                
                <resource id="Magento_Backend::stores">
                    <resource id="Magento_Backend::stores_settings">
                        <resource id="Magento_Config::config">
                            <resource id="Training_FooterLinks::config_footerlinks"
                                      title="[Training] Footer Links Section" />
                        </resource>
                    </resource>
                </resource>
            </resource>
        </resources>
    </acl>
</config>