<?xml version="1.0" ?>
<config xmlns:xsi="http://www.w3.org/2001/XMLSchema-instance" xsi:noNamespaceSchemaLocation="urn:magento:framework:ObjectManager/etc/config.xsd">
    <!--Link group resource-->
    <virtualType name="Training\FooterLinks\Model\ResourceModel\LinkGroup\Collection" type="Magento\Framework\View\Element\UiComponent\DataProvider\SearchResult">
        <arguments>
            <argument name="mainTable" xsi:type="string">footerlinks_groups</argument>
            <argument name="resourceModel" xsi:type="string">Training\FooterLinks\Model\ResourceModel\LinkGroup</argument>
        </arguments>
    </virtualType>
    <type name="Magento\Framework\View\Element\UiComponent\DataProvider\CollectionFactory">
        <arguments>
            <argument name="collections" xsi:type="array">
                <item name="linkgroup_list_data_source" xsi:type="string">Training\FooterLinks\Model\ResourceModel\LinkGroup\Collection</item>
            </argument>
        </arguments>
    </type>

    <!--Link resource-->
    <virtualType name="Training\FooterLinks\Model\ResourceModel\Link\Collection" type="Magento\Framework\View\Element\UiComponent\DataProvider\SearchResult">
        <arguments>
            <argument name="mainTable" xsi:type="string">footerlinks_links</argument>
            <argument name="resourceModel" xsi:type="string">Training\FooterLinks\Model\ResourceModel\Link</argument>
        </arguments>
    </virtualType>
    <type name="Magento\Framework\View\Element\UiComponent\DataProvider\CollectionFactory">
        <arguments>
            <argument name="collections" xsi:type="array">
                <item name="footerlink_list_data_source" xsi:type="string">Training\FooterLinks\Model\ResourceModel\Link\Collection</item>
            </argument>
        </arguments>
    </type>
</config>