<?xml version="1.0" encoding="UTF-8"?>
<config xmlns:xsi="http://www.w3.org/2001/XMLSchema-instance"
        xsi:noNamespaceSchemaLocation="../../../Backend/etc/system_file.xsd">
    <system>
        <!--<tab id="training" translate="label" sortOrder="1">
            <label>Training</label>
        </tab>-->
        <section id="sliderwidget" translate="label" sortOrder="2" showInDefault="1"
                 showInWebsite="1" showInStore="1">
            <label>Slider Widget Manager</label>
            <tab>training</tab>
            <resource>Training_SliderWidget::config_sliderwidget</resource>
            <group id="general" translate="label" type="text" sortOrder="1" showInDefault="1"
                   showInWebsite="1" showInStore="1">
                <label>General Settings</label>
                <field id="enable_in_frontend" translate="label" type="select" sortOrder="1"
                       showInDefault="1" showInWebsite="1" showInStore="1">
                    <label>Enable</label>
                    <source_model>Magento\Config\Model\Config\Source\Yesno</source_model>
                    <coment>Enable in frontend.</coment>
                </field>
            </group>
        </section>
    </system>
</config>